Chairs_TotalSales,Chairs_TotalProfit,Chairs_ProfitMargin
1968418.02,259675.09,13.192070
327777.79,26567.11,8.105220
